title,company,location,link
"Arista Networks, Inc", Dublin 1," Agile Software Development, Cloud-Based Solutions, Computer Software",https://stackoverflow.com//jobs/companies/www-arista-com?c=sag2fbRkiHyZxsGs&q=python
ImFusion GmbH, München," Computer Vision, Image Guided Surgery, Medical Imaging",https://stackoverflow.com//jobs/companies/imfusion-gmbh?c=G4zcafjWAwjWpYU8&q=python
"Cipher Tech Solutions, Inc", Elkridge; Linthicum Heights; Vienna, Computer Software,https://stackoverflow.com//jobs/companies/cipher-tech-solutions-inc?c=4OhVpDyWPrknQjFS&q=python
Stardog Union, Arlington," Databases, Enterprise Software, Information Technology",https://stackoverflow.com//jobs/companies/Stardog-Union?c=y69d7xMTEOoXdd8k&q=python
Creative Assembly, Horsham; Bulgaria," Computer Games, PC Games",https://stackoverflow.com//jobs/companies/creative-assembly?c=Kad4Mntrp9p2VGP6&q=python
atma.io , Graz; Zagreb; Leinfelden-Echterdingen," Cloud-Based Solutions, Information Technology, SaaS",https://stackoverflow.com//jobs/companies/atmaio?c=OxiN7j88ETWjfL8s&q=python
Odoo, Ramillies; Auderghem; San Francisco," Enterprise, Enterprise Software, Software Development",https://stackoverflow.com//jobs/companies/odoo?c=D3Nl28sxbcsbVobe&q=python
LeoVegas Mobile Gaming Group, Stockholm; Västerås; Växjö," Casino, Gaming",https://stackoverflow.com//jobs/companies/leovegas-mobile-gaming-group?c=LclShHGZH6k8RHoI&q=python
Breuninger GmbH & Co., Düsseldorf; Stuttgart," E-Commerce, Information Technology, Retail",https://stackoverflow.com//jobs/companies/breuninger-gmbh-co?c=AE472SJw62RXGXAs&q=python
FINN, München," Agile Software Development, Automotive, Mobility",https://stackoverflow.com//jobs/companies/finn?c=MoDdZTBXzfccxfq0&q=python
Western Governors University, Salt Lake City; Phoenix; Austin," Higher Education, Non-Profit",https://stackoverflow.com//jobs/companies/western-governors-university?c=OxGXYgqv6wylycEw&q=python&pg=2
IMS, Crewe; Waterloo; Manchester," Automotive, Insurance, Software Development",https://stackoverflow.com//jobs/companies/ims1?c=OD3ndpKtJkZm8O0U&q=python&pg=2
CARIAD , Nürnberg; Wolfsburg; Mönsheim," Agile Software Development, Autonomous Driving, Computer Vision",https://stackoverflow.com//jobs/companies/cariad?c=OEdTMhDz4cPt28z6&q=python&pg=2
Catawiki, Assen; Amsterdam, eCommerce,https://stackoverflow.com//jobs/companies/catawiki?c=gtoApgik3V46wogw&q=python&pg=2
Baker Hughes, Houston; Cramlington; Groby, Software Development / Engineering,https://stackoverflow.com//jobs/companies/baker-hughes?c=OzPVFwyuyrVybDZS&q=python&pg=2
Chan Zuckerberg Initiative, Redwood City," Computer Software, Education Technology, Science",https://stackoverflow.com//jobs/companies/chan-zuckerberg-initiative?c=NOQPKhmRRU05lab6&q=python&pg=2
ZEISS Group, München; Oberkochen; Jena," Machine Learning, Medical Devices, Virtual Reality",https://stackoverflow.com//jobs/companies/zeiss-group?c=wSZsZcs7hw9jnaco&q=python&pg=2
Motius GmbH, München; Stuttgart; Dubai," Electronics, Software Development / Engineering, Web Development",https://stackoverflow.com//jobs/companies/motius-gmbh?c=npLOESqUjAdvmLle&q=python&pg=2
Picnic, Düsseldorf; Amsterdam," E-Commerce, Information Technology, Logistics and Supply Chain",https://stackoverflow.com//jobs/companies/picnic?c=mvUJNSg2ZCkHfGvu&q=python&pg=2
Copado Strategic Services, San Francisco," Cybersecurity, DevOps, Internet Infrastructure",https://stackoverflow.com//jobs/companies/copado-strategic-services?c=lodrCV4kR2FzzQOs&q=python&pg=2
IMC Trading, Amsterdam; Chicago; The Rocks," Capital Markets, Financial Technology, High Frequency Trading",https://stackoverflow.com//jobs/companies/imc-trading?c=btZFEmN3xefHtdok&q=python&pg=3
Rheinmetall , Bremen; Düsseldorf," Cybersecurity, Defence & Security, Software Development / Engineering",https://stackoverflow.com//jobs/companies/rheinmetall-group?c=FbinAG5CVZmbKzlu&q=python&pg=3
Accenture Romania, Cluj-Napoca; Timișoara; Târgu Mureș," Industrial Automation, Information Technology, Software Development / Engineering",https://stackoverflow.com//jobs/companies/accenture-industrial-software-solutions?c=MpvCq31M4ozMHKkE&q=python&pg=3
MUFG, Phoenix; Charlotte; Dallas," Banking, Financial Services, Financial Technology",https://stackoverflow.com//jobs/companies/mufg?c=OCFcmss7hInjQmuQ&q=python&pg=3
ING Deutschland, Frankfurt am Main; Nürnberg," Banking, Finance, Financial Technology",https://stackoverflow.com//jobs/companies/ing-deutschland?c=ia5AK3jwGDN3oyCQ&q=python&pg=3
Adyen., Madrid; Chicago; Amsterdam," Financial Services, Financial Technology, Payment Network",https://stackoverflow.com//jobs/companies/adyen?c=OKmEJlygAguydCXC&q=python&pg=3
Y42, Ho Chi Minh City; Berlin; Albania," Data & Analytics, Databases, Information Technology",https://stackoverflow.com//jobs/companies/y42?c=OHrlkaPyf5TgZiA8&q=python&pg=3
Assurance, Toronto; Seattle; Fort Lauderdale," Financial Services, Insurance",https://stackoverflow.com//jobs/companies/assurance?c=Og95xe6d3uWGaenC&q=python&pg=3
AllTrails, San Francisco, Health & Fitness,https://stackoverflow.com//jobs/companies/alltrails?c=OpjcBHyIwDmy9F28&q=python&pg=3
Udemy, Mountain View; Austin; Denver," Education Technology, SaaS",https://stackoverflow.com//jobs/companies/udemy?c=OJodAXjmtcXstwas&q=python&pg=3
Thermo Fisher Scientific Careers, Hyderabad; Budapest; Austin," Biotechnology, Pharmaceuticals, Science",https://stackoverflow.com//jobs/companies/thermo-fisher-scientific-careers?c=OIpMsz4sm9qmJpni&q=python&pg=4
"Sailpoint Technologies, Inc.", Austin," Information Technology, IT Security, Network Security",https://stackoverflow.com//jobs/companies/sailpoint-technologies-inc?c=Jp1TqEDDuNayVZfi&q=python&pg=4
Fullscript, Ottawa; Scottsdale," Computer Software, eCommerce, Health Care",https://stackoverflow.com//jobs/companies/fullscript?c=finNYb5x8ybFjMFW&q=python&pg=4
Geotab, No office location," Internet of Things, Software Development / Engineering, Telematics",https://stackoverflow.com//jobs/companies/geotab?c=LpjHbvi20yISfXlm&q=python&pg=4
Enveil, Fulton," Business to Business, Security Software",https://stackoverflow.com//jobs/companies/enveil?c=H6BWXkIpgz5wMnBe&q=python&pg=4
The Home Depot, No office location," Retail, Technical Services, Web Technology",https://stackoverflow.com//jobs/companies/the-home-depot?c=OHxo2pEDR02MyUsE&q=python&pg=4
Yoco, Cape Town; Amsterdam; Johannesburg, Financial Technology,https://stackoverflow.com//jobs/companies/yoco?c=OJYtSofU8DSvVbry&q=python&pg=4
Andela, No office location," Agile Software Development, Software Development / Engineering, Technology Staffing",https://stackoverflow.com//jobs/companies/andela?c=NH9nnogIzlSQXTIk&q=python&pg=4
MBition (Mercedes Benz AG), Berlin," Agile Software Development, Automotive",https://stackoverflow.com//jobs/companies/mbition-mercedes-benz-ag?c=OHDqKEtJsUci8wla&q=python&pg=4
Dell Technologies, Seattle; Round Rock; Hopkinton," Hardware Engineering, Software Development / Engineering, Telecommunications",https://stackoverflow.com//jobs/companies/dell-technologies?c=OKaziRU5msbx4pcA&q=python&pg=4
Adference GmbH, Lüneburg," E-Commerce, Online Advertising, SaaS",https://stackoverflow.com//jobs/companies/adference-gmbh?c=LQ7JpfTV8CTVcY9i&q=python&pg=5
Canonical, Taipei City; London; Montreal," Cloud Computing, Information Technology, Internet of Things",https://stackoverflow.com//jobs/companies/canonical?c=NQTKJiFLHVdMoZDW&q=python&pg=5
Discovery Direct-to-Consumer (Discovery Inc.), Knoxville; Sterling; New York," Broadcast, Digital Media, Digital Video Distribution",https://stackoverflow.com//jobs/companies/discovery-direct-to-consumer-discovery-inc?c=MQTUVeAcRTFT6qpG&q=python&pg=5
ASML, Chandler; Veldhoven; East District," Hardware Development, Semiconductors, Software Development / Engineering",https://stackoverflow.com//jobs/companies/asml?c=o64OkE4bEEMwDUXe&q=python&pg=5
SpotMe, Sofia; Lausanne," Enterprise Software, SaaS, Virtual Events",https://stackoverflow.com//jobs/companies/spotme?c=9KnlUp38zkXHSY8&q=python&pg=5
Flip App, Stuttgart," Agile Software Development, Messaging, Mobile Application",https://stackoverflow.com//jobs/companies/flip-app?c=OJ02K0101Alqb4Eo&q=python&pg=5
Lufthansa Industry Solutions, Wolfsburg; Wetzlar; Stuttgart, IT Consulting,https://stackoverflow.com//jobs/companies/lufthansa-industry-solutions?c=OK4wAD4ZKy21uNk4&q=python&pg=5
Capital Group, San Antonio; Irvine; Los Angeles," Financial Services, Financial Technology",https://stackoverflow.com//jobs/companies/capital-group?c=OF6icr3nzmd3cDtK&q=python&pg=5
BAE Systems Digital Intelligence, Manchester; Brockworth; Leeds," Cybersecurity, Defence & Security",https://stackoverflow.com//jobs/companies/bae-systems-digital-intelligence?c=OGX7KYI6bz7J7fby&q=python&pg=5
Adevinta, Barcelona; Paris, Information Technology,https://stackoverflow.com//jobs/companies/adevinta?c=O3toM8YrzL0tuO4w&q=python&pg=5
PHOENIX CONTACT GmbH & Co. KG, Blomberg," Automotive, Electronics, Information Technology",https://stackoverflow.com//jobs/companies/phoenix-contact-gmbh-co-kg?c=OJugjc8s576Y382Y&q=python&pg=6
LinkedIn, Beijing; New York; Sunnyvale," Advertising, Online Education, Social Networking",https://stackoverflow.com//jobs/companies/linkedin?c=OEOa3IA6JDKwtNQc&q=python&pg=6
MOIA GmbH, Berlin; Hamburg," Automotive, Mobility Services, ridesharing",https://stackoverflow.com//jobs/companies/moia-gmbh?c=JMwroherQ48ime9G&q=python&pg=6
Zühlke Engineering GmbH, Eschborn; München; Stuttgart," Agile Software Development, Enterprise Software, Software Development / Engineering",https://stackoverflow.com//jobs/companies/z%C3%BChlke-engineering-gmbh?c=M1eIKvQePSnYGCo8&q=python&pg=6
CREDIT SUISSE AG, London; Zürich; Navi Mumbai," Banking, Financial Services, Financial Technology",https://stackoverflow.com//jobs/companies/credit-suisse-ag?c=OI1BBBM5UwOkqXRe&q=python&pg=6
Vertica, Cambridge; Pittsburgh," Big Data, Enterprise Software, Information Technology",https://stackoverflow.com//jobs/companies/vertica?c=OIjJKkfmKfgR9NuM&q=python&pg=6
JPMorgan Chase & Co., Buenos Aires; Herzliya; Bengaluru, Financial Services,https://stackoverflow.com//jobs/companies/jpmorgan-chase-co?c=NjWXyu9b3NnEguru&q=python&pg=6
Pentalog, Paris; Brooklyn; Zapopan," Agile Software Development, Digital Marketing, IT Recruitment",https://stackoverflow.com//jobs/companies/pentalog?c=N0WqpRswQbtlglYQ&q=python&pg=6
Amazon Web Services (AWS), No office location," Cloud Computing, Cloud Services, Cloud-Based Solutions",https://stackoverflow.com//jobs/companies/amazon-web-services-aws?c=OIvPaNTxY3zSj1fO&q=python&pg=6
Zuhlke Engineering Ltd, Manchester; Edinburgh; London," Consulting, Software Development / Engineering",https://stackoverflow.com//jobs/companies/zuhlke-engineering-ltd?c=qiKaHRn4OrOvUtIQ&q=python&pg=6
funda, Amsterdam," eCommerce, Information Technology",https://stackoverflow.com//jobs/companies/funda-real-estate-bv?c=Jpk1zn6UkvD5EOSQ&q=python&pg=7
Delivery Hero SE, Berlin," eCommerce, Food & Beverage, Logistics & Distribution",https://stackoverflow.com//jobs/companies/delivery-hero-se?c=sgMY3d4ognQ71oB2&q=python&pg=7
Apple, Cupertino; Austin; Haifa, Consumer Electronics,https://stackoverflow.com//jobs/companies/apple?c=smlsIQ2y70A8LdIs&q=python&pg=7
"DICK'S Sporting Goods, Inc. ", No office location, Retail,https://stackoverflow.com//jobs/companies/dicks-sporting-goods-inc?c=OIU01LbUpGbUBsLS&q=python&pg=7
Zuhlke Engineering EOOD, Sofia," Agile Software Development, Computer Software",https://stackoverflow.com//jobs/companies/zuhlke-engineering-eood?c=M1wQTejvFAQvps1G&q=python&pg=7
Ford Motor Company, Dearborn; Palo Alto; Detroit," Automotive, Transportation",https://stackoverflow.com//jobs/companies/ford-motor-company?c=OGsUbMAE82mbfbMY&q=python&pg=7
Abbott, California; Orlando; Bend, Healthcare,https://stackoverflow.com//jobs/companies/abbott?c=OH3atdxbNtheGR44&q=python&pg=7
Luxoft , Wrocław; Gdańsk; Torino, IT Consulting,https://stackoverflow.com//jobs/companies/luxoft?c=OFoql9wEp4FzVt7i&q=python&pg=7
PayPay Corporation., No office location, Financial Technology,https://stackoverflow.com//jobs/companies/paypay-corporation?c=LGtoLAjXBXIvlu6c&q=python&pg=7
3M Health Information Systems and The Digital Science Community , Albany; Silver Spring; Pittsburgh," Digital Health, Enterprise Software, Software Development / Engineering",https://stackoverflow.com//jobs/companies/3m-health-information-systems-and-the-digital-science-community?c=OHliBW0sDbJLpGHC&q=python&pg=7
Fidelity Investments, Westlake; Salt Lake City; Durham," Finance, Financial Services, Financial Technology",https://stackoverflow.com//jobs/companies/fidelity-investments?c=OHVyTmX0iCEORlYI&q=python&pg=8
G DATA CyberDefense AG, Bochum," Cybersecurity, IT Security",https://stackoverflow.com//jobs/companies/g-data-cyberdefense-ag?c=OHPwb87UGIvjhK6c&q=python&pg=8
BAUHAUS AG, Mannheim," E-Commerce, Retail",https://stackoverflow.com//jobs/companies/bauhaus-ag?c=OJSra9qOwJJ0lzz2&q=python&pg=8
Northwestern Mutual, Milwaukee; New York," Financial Services, Financial Technology",https://stackoverflow.com//jobs/companies/northwestern-mutual?c=OJGlJFMDiVpZclO0&q=python&pg=8
Zühlke Engineering AG, Bern; Schlieren," Data Science, IT Security, Software Development / Engineering",https://stackoverflow.com//jobs/companies/z%C3%BChlke-engineering-ag?c=M18G2h19dYet70vC&q=python&pg=8
Audible, Newark; Cambridge; Seattle," Agile Software Development, Content Marketing, Web Technology",https://stackoverflow.com//jobs/companies/audible?c=c8xStPAHS03ypnb2&q=python&pg=8
Bloomberg LP, New York; Princeton; London," Data & Analytics, Financial Technology, News",https://stackoverflow.com//jobs/companies/bloomberg?c=3NdBKWpogs5Te1LW&q=python&pg=8
Commonwealth Bank, Sydney; Eveleigh," Banking, Financial Services, Financial Technology",https://stackoverflow.com//jobs/companies/commonwealth-bank?c=OGmRtxLyw8cFFzUs&q=python&pg=8
Caterpillar Inc., Chicago; Peoria; Bengaluru," Internet of Things, Manufacturing, Software Development / Engineering",https://stackoverflow.com//jobs/companies/caterpillar-inc?c=OIdH25qh8l7lAbCg&q=python&pg=8
DraftKings, Boston; Las Vegas; Sofia," Marketplace, Software Development, Sports Technology",https://stackoverflow.com//jobs/companies/draftkings?c=hDV9h9nEVLaZQWsw&q=python&pg=8
If P&C Insurance, Mölndal; Hvidovre; Espoo," Finance, Financial Services, Insurance",https://stackoverflow.com//jobs/companies/if-p-c-insurance?c=OtHaIsDN2ogt09Bm&q=python&pg=9
PAYBACK, München; Wien; Köln," Bonusprogramm, Product Development, Software Development",https://stackoverflow.com//jobs/companies/PAYBACK?c=p24QSUn2qy2xor8k&q=python&pg=9
PwC, New York," Consulting, Product Development, Technology Consulting",https://stackoverflow.com//jobs/companies/pwc?c=BaOONdBVwmp4Gf1S&q=python&pg=9
Software Development (All Levels),Insurity,Remote,https://www.indeed.com/viewjob?jk=676599852a737304&from=web&vjs=3
Python Framework Developer,LOCKHEED MARTIN CORPORATION,,https://www.indeed.com/viewjob?jk=c40547d4c67397fe&from=web&vjs=3
Entry Level Business Analyst,Agama Solutions,,https://www.indeed.com/viewjob?jk=6f6a1c18da31655b&from=web&vjs=3
Python Developer,Go8IT,"Plainsboro, NJ",https://www.indeed.com/viewjob?jk=4eae88512efd4347&from=web&vjs=3
Software Engineer - Apprentice,wepay,,https://www.indeed.com/viewjob?jk=4d532361313682c1&from=web&vjs=3
Software Engineer,Microsoft,,https://www.indeed.com/viewjob?jk=0db0add9277325e0&from=web&vjs=3
Support Opportunities,RStudio,"Remote in Seattle, WA",https://www.indeed.com/viewjob?jk=2c26339484d5141f&from=web&vjs=3
Jr. Python Developer,Kibo Commerce,"Austin, TX",https://www.indeed.com/viewjob?jk=9707944cf34288e9&from=web&vjs=3
Entry-Level Computer Engineer,Opal Kelly,"Portland, OR 97223",https://www.indeed.com/viewjob?jk=a2e8830485cc2dd9&from=web&vjs=3
Business Analyst (Entry Level),Agama Solutions,,https://www.indeed.com/viewjob?jk=1ce5e3be4a9ddc2c&from=web&vjs=3
Data Analyst,Hulu,"Santa Monica, CA",https://www.indeed.com/viewjob?jk=38d685cb5059bbd5&from=web&vjs=3
Cloud Support Associate,"Amazon Web Services, Inc.",,https://www.indeed.com/viewjob?jk=2105d8a5281696df&from=web&vjs=3
Customer Support Specialist Tier 2 (remote),Insightly,Remote,https://www.indeed.com/viewjob?jk=382bd71258c32e11&from=web&vjs=3
Python Developer/Engineer,Unizin,,https://www.indeed.com/viewjob?jk=e5f2fd4bd2f9101f&from=web&vjs=3
Entry Level Software Developer,Grant Street Group,Remote,https://www.indeed.com/viewjob?jk=8dab312898a86174&from=web&vjs=3
Entry Level Python Developer,Marlabs,United States,https://www.indeed.com/viewjob?jk=940a07be6516c1d8&from=web&vjs=3
HuBMAP,Carnegie Mellon University,,https://www.indeed.com/viewjob?jk=a9a1c48add721e30&from=web&vjs=3
Python Developer,Agama Solutions,,https://www.indeed.com/viewjob?jk=f6a64372a5851eec&from=web&vjs=3
Logistics Analyst,Lululemon,Remote,https://www.indeed.com/viewjob?jk=c9cc8da999f945fc&from=web&vjs=3
Prin Scientist,Medtronic,"Northridge, CA 91325",https://www.indeed.com/viewjob?jk=902299a3204d6ad2&from=web&vjs=3
Python Developer,Snap IT Solutions,,https://www.indeed.com/viewjob?jk=0e10fe734c597c75&from=web&vjs=3
Robotics Lab Technician,FS Studio,"Mountain View, CA",https://www.indeed.com/viewjob?jk=9c7d158ed182cd2f&from=web&vjs=3
Data Analyst: Technical Business Intelligence,Barstool Sports,Remote in United States,https://www.indeed.com/viewjob?jk=1b69b56cac09ab1d&from=web&vjs=3
Python Developer,Swan Software Solutions,"Carmel, IN",https://www.indeed.com/viewjob?jk=32eaa9e1e80e8c5d&from=web&vjs=3
University Grad Software Engineer (USA),Pinterest,,https://www.indeed.com/viewjob?jk=cf0a5ae07b40afcc&from=web&vjs=3
Vehicle Data Analyst,Mediahuis,"Remote in Talbot, OR",https://www.indeed.com/viewjob?jk=b6fb955a9bf98d61&from=web&vjs=3
Senior Python Developer,OMBU,"Remote in Portland, OR 97214",https://www.indeed.com/viewjob?jk=d13b06d1113de40c&from=web&vjs=3
"Software Developer, Junior",Booz Allen Hamilton,,https://www.indeed.com/viewjob?jk=22046328d93df0c8&from=web&vjs=3
Python Developer,Paktolus,Remote,https://www.indeed.com/viewjob?jk=df1cce3cc988f374&from=web&vjs=3
"Software Engineer (Open to remote work, except the following...",Nike,,https://www.indeed.com/viewjob?jk=d10df9af539c598b&from=web&vjs=3
Engineer - Python,Amex,,https://www.indeed.com/viewjob?jk=95aedf64b1f58d08&from=web&vjs=3
Entry-Level Software Developer,Applied Software Inc.,"Fulton, MD 20759",https://www.indeed.com/viewjob?jk=c853bdbf3471a09c&from=web&vjs=3
Entry / Mid Level Python Developer,Rush Order,"Gilroy, CA 95020",https://www.indeed.com/viewjob?jk=819b16509e3abcc5&from=web&vjs=3
Junior Application Developer,MMC Corporate,"Hoboken, NJ 07030",https://www.indeed.com/viewjob?jk=af35f73f915440f5&from=web&vjs=3
Content Creator,LeetCode,Remote,https://www.indeed.com/viewjob?jk=e94af63cb41ad9b5&from=web&vjs=3
REMOTE - Python Developer [3-Month Contract] (Retro Studios),Nintendo of America Inc.,"Remote in Austin, TX",https://www.indeed.com/viewjob?jk=664cff04209780f8&from=web&vjs=3
Robotics Engineer,Robby Technologies,"Palo Alto, CA",https://www.indeed.com/viewjob?jk=a6456a8f09ab6e0d&from=web&vjs=3
Python Developer,Intellilink Technologies,"Princeton, NJ",https://www.indeed.com/viewjob?jk=accd4b9e2652cb0a&from=web&vjs=3
Software Engineer Associate-Entry Level,LOCKHEED MARTIN CORPORATION,,https://www.indeed.com/viewjob?jk=07d4b35e2b42a91c&from=web&vjs=3
PYTHON DEVELOPER,OC10,,https://www.indeed.com/viewjob?jk=f26b8209c93fdd28&from=web&vjs=3
data scientist (multiple openings) - Remote,Starbucks,,https://www.indeed.com/viewjob?jk=f84d4861a4473b4b&from=web&vjs=3
Software Engineering Apprenticeship,Bonterra,,https://www.indeed.com/viewjob?jk=f6b87504fcd37c88&from=web&vjs=3
Python Developer,Moove-it,Remote,https://www.indeed.com/viewjob?jk=30d2deae65d78d38&from=web&vjs=3
Java / C++ / Python Developers,10Types,"Wilmington, DE",https://www.indeed.com/viewjob?jk=47e2b785d4d0ef49&from=web&vjs=3
Python (Django/Flask) Developer,Trood,,https://www.indeed.com/viewjob?jk=a5fe3ba2a2ecdbe2&from=web&vjs=3
Research Associate,University of Texas at Austin,,https://www.indeed.com/viewjob?jk=bc77a584b9cc3ca5&from=web&vjs=3
Python Developer,Stier Solutions,"Westlake Village, CA 91361",https://www.indeed.com/viewjob?jk=b2de55596c3a1f9e&from=web&vjs=3
Python Developer (Fullstack),Konviere Corporation,"Leawood, KS",https://www.indeed.com/viewjob?jk=213ef23aef1e09fd&from=web&vjs=3
Full Stack Developer Entry Level,Eduplanet21,,https://www.indeed.com/viewjob?jk=d109848d11ce34ec&from=web&vjs=3
PYTHON DEVELOPER,Nextshift,"Raritan, NJ",https://www.indeed.com/viewjob?jk=1ad4e031a54894fe&from=web&vjs=3
Python and Airflow Developer,Capgemini,,https://www.indeed.com/viewjob?jk=44e20900df0e9bfa&from=web&vjs=3
Python Software Engineer,Triverus Consulting,"Boston, MA",https://www.indeed.com/viewjob?jk=d5c508bf90f1be56&from=web&vjs=3
SDET,Intone Networks,,https://www.indeed.com/viewjob?jk=5559da582d37b037&from=web&vjs=3
Entry level Software Developer,RTI International,"Remote in Durham, NC 27709",https://www.indeed.com/viewjob?jk=d8d744fb459b684a&from=web&vjs=3
Sr. Cloud Engineer,Envision,Remote,https://www.indeed.com/viewjob?jk=413ebfca5a2be2f0&from=web&vjs=3
"Author, Software Development (Python) - Remote",Pluralsight,Remote in Utah,https://www.indeed.com/viewjob?jk=04e4e85e93a52ec2&from=web&vjs=3
"Assoc Engineer, Software",T-Mobile,"Frisco, TX 75034",https://www.indeed.com/viewjob?jk=17d81ac6a6ba747e&from=web&vjs=3
Jr. Data Scientist (Remote),ReviewTrackers,Remote,https://www.indeed.com/viewjob?jk=56d8bae38f460cb7&from=web&vjs=3
Python Developer,ICF,,https://www.indeed.com/viewjob?jk=cd01b4c00f7080ea&from=web&vjs=3
Python Engineer,Highbrow-Tech,Remote,https://www.indeed.com/viewjob?jk=6dc25cb910e9558f&from=web&vjs=3
Data Scientist Associate,TransUnion,,https://www.indeed.com/viewjob?jk=3bb6c4408b5cc499&from=web&vjs=3
Associate Software Engineer,Disney Streaming,,https://www.indeed.com/viewjob?jk=76f0197e3dea1e61&from=web&vjs=3
Senior Python Engineer,Pantheon,Remote,https://www.indeed.com/viewjob?jk=8a38e591da8f6774&from=web&vjs=3
"Data Engineer (Open to remote work, except the following loc...",Nike,,https://www.indeed.com/viewjob?jk=3843153749cd57a6&from=web&vjs=3
Junior Software Engineer,High Alpha Innovation,"Remote in Indianapolis, IN",https://www.indeed.com/viewjob?jk=ced35d313abe9d97&from=web&vjs=3
"Biomechanics Analyst, Baseball Research & Development",Cleveland Guardians - Baseball Operations,"Remote in Cleveland, OH",https://www.indeed.com/viewjob?jk=035ac486a1cc5dc6&from=web&vjs=3
Associate Software Engineer I,ACLU,,https://www.indeed.com/viewjob?jk=a51ac93120e8ce67&from=web&vjs=3
Data Scientist,Aaron's,Remote,https://www.indeed.com/viewjob?jk=6749cf79d03358e0&from=web&vjs=3
DevOps Engineer,Noodle,,https://www.indeed.com/viewjob?jk=c5ce04d227fa8aaf&from=web&vjs=3
Data Analyst,KEYENCE,"Itasca, IL 60143",https://www.indeed.com/viewjob?jk=4caf8019f6e4edf7&from=web&vjs=3
Part-Time Student-Product Engineering-Remote,John Deere,,https://www.indeed.com/viewjob?jk=0e88e7bac7b0acb9&from=web&vjs=3
CSS & HTML Developer,Humanity,"Remote in Myrtle Point, OR 97458",https://www.indeed.com/viewjob?jk=cceee5b57c71a193&from=web&vjs=3
Data Analyst,Sony Music Publishing (US) LLC,"New York, NY",https://www.indeed.com/viewjob?jk=6fdecd448dbe0536&from=web&vjs=3
Python Engineer,HealthVerity,Remote,https://www.indeed.com/viewjob?jk=4faa7bfc4741c91e&from=web&vjs=3
Data & Applied Sciences: Full Time Opportunities for Univers...,Microsoft,,https://www.indeed.com/viewjob?jk=7b353861e9763ff8&from=web&vjs=3
Penetration Testing Trainee,BreachLock,Remote in Florida,https://www.indeed.com/viewjob?jk=487b30db63184515&from=web&vjs=3
Cell Biology Scientist,PhenoVista Biosciences,"San Diego, CA",https://www.indeed.com/viewjob?jk=41c9e08fe3f7d0e1&from=web&vjs=3
Backend Dev Python - Accu-Trade,Cars.com,,https://www.indeed.com/viewjob?jk=3c85e7b8ab7310e0&from=web&vjs=3
Instructor - Web Development,Together Education,"Remote in New York, NY",https://www.indeed.com/viewjob?jk=ae5dfea0739d6464&from=web&vjs=3
"Data Engineer, Megaphone",Spotify,,https://www.indeed.com/viewjob?jk=508b2b1f20712bae&from=web&vjs=3
Senior Software Engineer - ActionKit (Python/Django),Bonterra,,https://www.indeed.com/viewjob?jk=e97fa9a880975629&from=web&vjs=3
Jr. Backend Engineer,MealPal,"New York, NY",https://www.indeed.com/viewjob?jk=1b9f7354d7454ab6&from=web&vjs=3
Data Scientist,Toyota,,https://www.indeed.com/viewjob?jk=1294b52a85a915da&from=web&vjs=3
Reservoir Engineer,Chevron,"Houston, TX",https://www.indeed.com/viewjob?jk=e29f0cc62b5af32e&from=web&vjs=3
"Analytics Engineer, Talk",Spotify,,https://www.indeed.com/viewjob?jk=3bc03c636414e289&from=web&vjs=3
Data Analyst II,Great Clips,,https://www.indeed.com/viewjob?jk=6f3bf7d4e22c3b97&from=web&vjs=3
Cell Lifetime Engineer,Tesla,,https://www.indeed.com/viewjob?jk=ca3673da92db1788&from=web&vjs=3
Marketing Analyst,Duolingo,"New York, NY",https://www.indeed.com/viewjob?jk=4643a298587aae54&from=web&vjs=3
Opportunity Programs Python Adjunct Instructor & Tutor,New York University,,https://www.indeed.com/viewjob?jk=aaf32e0a9195b143&from=web&vjs=3
Quantitative Research Scientist - Remote,Pearson,,https://www.indeed.com/viewjob?jk=98f73d2b75917112&from=web&vjs=3
Data Analyst: Technical Business Intelligence,Barstool Sports,Remote in United States,https://www.indeed.com/viewjob?jk=1b69b56cac09ab1d&from=web&vjs=3
Junior Software Engineer,Hearst Media Services,,https://www.indeed.com/viewjob?jk=2a8ec200390c9cf9&from=web&vjs=3
Python Developer,Financial Information Technologies LLC,,https://www.indeed.com/viewjob?jk=c2292fb69ea23bf3&from=web&vjs=3
Junior .Net Developer,NCube,Remote,https://www.indeed.com/viewjob?jk=27a04a88174dcd5f&from=web&vjs=3
Junior Modeling Quant,OptionMetrics,"New York, NY",https://www.indeed.com/viewjob?jk=6af04533c30e435f&from=web&vjs=3
Software Engineer Apprentice,IBM,,https://www.indeed.com/viewjob?jk=58951b5fb7d9da75&from=web&vjs=3
Business Data Analyst - 4287352,Accenture,,https://www.indeed.com/viewjob?jk=49911733ed00ba0e&from=web&vjs=3
Python Engineer,Federal Reserve Bank of Kansas City,,https://www.indeed.com/viewjob?jk=7f5f7f80190a4fef&from=web&vjs=3
Python Developer,Agama Solutions,,https://www.indeed.com/viewjob?jk=f6a64372a5851eec&from=web&vjs=3
Business Intelligence Analyst,ARORA,Remote,https://www.indeed.com/viewjob?jk=0adbf00d83674d8e&from=web&vjs=3
Cyber Engineer - Entry Level,CACI,Remote in Virginia,https://www.indeed.com/viewjob?jk=0bce4a3a1400d479&from=web&vjs=3
Python Developer,Morgan Stanley,,https://www.indeed.com/viewjob?jk=ff0076e866b00fac&from=web&vjs=3
Entry Level Business Analyst /Project Manager,Agama Solutions,Remote,https://www.indeed.com/viewjob?jk=3755e1764402d8f3&from=web&vjs=3
Python Developer - US Bank,Globant,Remote,https://www.indeed.com/viewjob?jk=e239b1dd44713ead&from=web&vjs=3
FULL STACK DEVELOPER,Mediastorm,"Remote in Los Gatos, CA",https://www.indeed.com/viewjob?jk=a5fd92c21d5c2145&from=web&vjs=3
Django / Python Developer,Apexon,,https://www.indeed.com/viewjob?jk=2b8ceb80b0045f7d&from=web&vjs=3
Decision Scientist - Multiple Roles,The Walt Disney Company (Corporate),,https://www.indeed.com/viewjob?jk=3c71ab0971eaf694&from=web&vjs=3
Python Developer,InfoTrust,"Remote in Cincinnati, OH",https://www.indeed.com/viewjob?jk=8c1981e2ae281083&from=web&vjs=3
Data Collection Analyst,Alphamatician,"Boston, MA",https://www.indeed.com/viewjob?jk=acf1e9bae91edcb0&from=web&vjs=3
"Junior Analyst, Baseball Research & Development",Tampa Bay Rays,"Saint Petersburg, FL 33705",https://www.indeed.com/viewjob?jk=29e437e14944c0fd&from=web&vjs=3
Junior Data Analyst,Stantec,,https://www.indeed.com/viewjob?jk=67d5da93336afc19&from=web&vjs=3
Junior Penetration Tester USA Remote,BreachLock,Remote in Florida,https://www.indeed.com/viewjob?jk=1256f1d0f5d5af0c&from=web&vjs=3
Junior C++ Developer - Multiple Openings,GTS,,https://www.indeed.com/viewjob?jk=3508816294de00bb&from=web&vjs=3
"Developer, Frontend","Swap.com, Inc.","Remote in Bolingbrook, IL 60440",https://www.indeed.com/viewjob?jk=78056f28a4e5332c&from=web&vjs=3
Information Systems Generalist,California Institute of Technology,,https://www.indeed.com/viewjob?jk=4e8834265d62eb77&from=web&vjs=3
Customer Support Specialist,dbt Labs,Remote in United States,https://www.indeed.com/viewjob?jk=95b23e6b43ac153b&from=web&vjs=3
Python Developer,University of Texas at Austin,,https://www.indeed.com/viewjob?jk=4377f8a569003e82&from=web&vjs=3
Sales Opportunities,RStudio,"Remote in Seattle, WA",https://www.indeed.com/viewjob?jk=8f0c4d2a405bc478&from=web&vjs=3
GIS Developer Remote_US,Innovate! Inc,Remote,https://www.indeed.com/viewjob?jk=a8919281addcef27&from=web&vjs=3
Data Analyst,Centriam,"Minneapolis, MN 55447",https://www.indeed.com/viewjob?jk=3760b9c770df02e7&from=web&vjs=3
Junior Programmer,Infodatix,"Provo, UT 84606",https://www.indeed.com/viewjob?jk=833602c1f79407cb&from=web&vjs=3
Software Engineer,ANDURIL INDUSTRIES,,https://www.indeed.com/viewjob?jk=6a8c586ac5ab0288&from=web&vjs=3
Junior Data Analyst,Buffalo Portland,"Hybrid remote in Portland, OR 97205",https://www.indeed.com/viewjob?jk=bad20903d025a334&from=web&vjs=3
Health Quantitative Data Analyst,Abt Associates,"Rockville, MD 20852",https://www.indeed.com/viewjob?jk=241bc702819804e4&from=web&vjs=3
Entry level Software Engineer - Assoc Degree,LOCKHEED MARTIN CORPORATION,,https://www.indeed.com/viewjob?jk=5bcdb1a99095cad8&from=web&vjs=3
Senior Python Developer,Six Feet Up Inc.,,https://www.indeed.com/viewjob?jk=d415983f29b3d543&from=web&vjs=3
"Backend Engineering, Apprenticeship",Fetch Rewards,,https://www.indeed.com/viewjob?jk=d643f30e39da9c10&from=web&vjs=3
Data Scientist - New College Grad,Wealthfront,,https://www.indeed.com/viewjob?jk=f436958b48febacf&from=web&vjs=3
"Data Scientist Consultant, Junior",Booz Allen Hamilton,,https://www.indeed.com/viewjob?jk=cfe2e3e9e13e85b8&from=web&vjs=3
Python/AWS Developer,Saransh,"Bellevue, WA",https://www.indeed.com/viewjob?jk=0051d940d058be71&from=web&vjs=3
Python Engineer,Highbrow-Tech,Remote,https://www.indeed.com/viewjob?jk=6dc25cb910e9558f&from=web&vjs=3
Remote Python Developer,Nikola Motor Company,"Remote in Phoenix, AZ",https://www.indeed.com/viewjob?jk=8802fa060b8cb359&from=web&vjs=3
Software Engineer,Google,,https://www.indeed.com/viewjob?jk=24e2911d8256b2b4&from=web&vjs=3
SOFTWARE DEVELOPERS (Multiple openings) JobCode 13150,Dotcom-team,,https://www.indeed.com/viewjob?jk=69c1a9bf98fa9d42&from=web&vjs=3
Software Engineer (New College Graduate),Cloudera,,https://www.indeed.com/viewjob?jk=801673cd22ce569d&from=web&vjs=3
Data Analyst,Enable Data,,https://www.indeed.com/viewjob?jk=7e39bf980f3f3701&from=web&vjs=3
Python Developer,"JPMorgan Chase Bank, N.A.",,https://www.indeed.com/viewjob?jk=7a05c6ca9b75eb70&from=web&vjs=3
Associate Research Scientist,Blizzard Entertainment,"Irvine, CA 92618",https://www.indeed.com/viewjob?jk=dbb950e684f51ee6&from=web&vjs=3
Data Scientist (Junior),BDSA,"Remote in Louisville, CO",https://www.indeed.com/viewjob?jk=c1e2abfc99160b71&from=web&vjs=3
Python Developer,Financial Information Technologies LLC,,https://www.indeed.com/viewjob?jk=c2292fb69ea23bf3&from=web&vjs=3
Data Analyst (US),Lululemon,"Seattle, WA",https://www.indeed.com/viewjob?jk=de50816a16eb8be2&from=web&vjs=3
Software Engineer I/II,Microsoft,,https://www.indeed.com/viewjob?jk=812c88889b8a4e88&from=web&vjs=3
Frontend Developer,GRANDMETRIC,"Remote in Lewes, DE 19958",https://www.indeed.com/viewjob?jk=54ef719bf85bfcce&from=web&vjs=3
Applied Biomechanics Researcher,Apple,,https://www.indeed.com/viewjob?jk=ef8bfdf697ccd979&from=web&vjs=3
48th NSBE National Convention - APPLICATION DROP,Electronic Arts,,https://www.indeed.com/viewjob?jk=0ed54ccd28405317&from=web&vjs=3
Backend Developer,Luxoft,,https://www.indeed.com/viewjob?jk=d3b1037270e0637a&from=web&vjs=3
Clinical Data Analyst,Ascension,,https://www.indeed.com/viewjob?jk=ecbe96a2a3ab4007&from=web&vjs=3
Python developer with AWS,Luxoft,,https://www.indeed.com/viewjob?jk=713f82ea6f60fc10&from=web&vjs=3
Software Development Engineer (Early Career),Blue Origin,,https://www.indeed.com/viewjob?jk=39375c49f97eee19&from=web&vjs=3
Data Visualization Analyst,Meta,,https://www.indeed.com/viewjob?jk=01e36f9bc886fecf&from=web&vjs=3
Google Scripts Javascript Developer,Madison School & Community Recreation,"Remote in Madison, WI 53705",https://www.indeed.com/viewjob?jk=42a4184bbc8b39a1&from=web&vjs=3
Python Developer,Paktolus,Remote,https://www.indeed.com/viewjob?jk=df1cce3cc988f374&from=web&vjs=3
Data Engineer - Remote,Piper Companies,,https://www.indeed.com/viewjob?jk=bf0cda65e701cbcc&from=web&vjs=3
Knowledge Engineer - Amazon Alexa,Amazon.com Services LLC,,https://www.indeed.com/viewjob?jk=49367d506fb21b78&from=web&vjs=3
Jr. Data Analyst,Second-61 LLC,Remote,https://www.indeed.com/viewjob?jk=1ad51b435ab84646&from=web&vjs=3
Automation with Python,Cognizant Technology Solutions,,https://www.indeed.com/viewjob?jk=16099279315afd99&from=web&vjs=3
Developer Technical Support (DTS) Engineer,Apple,"Cupertino, CA",https://www.indeed.com/viewjob?jk=0f1378568911ea32&from=web&vjs=3
Data Engineer (AWS & Python),Denken Solutions Inc,,https://www.indeed.com/viewjob?jk=e6e0f5499a72ec6d&from=web&vjs=3
Senior Python Developer,Six Feet Up Inc.,,https://www.indeed.com/viewjob?jk=d415983f29b3d543&from=web&vjs=3
Python Developer,Aquatic Capital Management,"Remote in Chicago, IL",https://www.indeed.com/viewjob?jk=5bdb3c2265c60c4a&from=web&vjs=3
Sr Software Engineer (Python),Piper Companies,,https://www.indeed.com/viewjob?jk=e2d7983a60dfcd97&from=web&vjs=3
Equity Trader,Pacific Investment Management Company LLC,"New York, NY",https://www.indeed.com/viewjob?jk=448aaeaae12a93ee&from=web&vjs=3
Professional Services Consultant - 2022,Amazon.com Services LLC,"Seattle, WA",https://www.indeed.com/viewjob?jk=9268afdfacac04ef&from=web&vjs=3
Jr. Software Engineer,"ODME Solutions, LLC","San Diego, CA",https://www.indeed.com/viewjob?jk=177b92b93a9cdaa4&from=web&vjs=3
Junior AI/Data Scientist,ViQi,"Remote in Santa Barbara, CA",https://www.indeed.com/viewjob?jk=66a74419258ae64b&from=web&vjs=3
Performance Tester,Cognizant Technology Solutions,,https://www.indeed.com/viewjob?jk=935ffbe7e2a49087&from=web&vjs=3
Engineer II - Networking,Live Nation,,https://www.indeed.com/viewjob?jk=774f2c98913e6dfd&from=web&vjs=3
E-Trading Analyst,Bank of America,"New York, NY",https://www.indeed.com/viewjob?jk=2b4eb9ec28f2fc7d&from=web&vjs=3
Python Developer,Fults & Associates,"Grapevine, TX",https://www.indeed.com/viewjob?jk=724d43dd753723a7&from=web&vjs=3
Data Analyst,Forian,Remote,https://www.indeed.com/viewjob?jk=c9405f1ea654f867&from=web&vjs=3
"Java Backend Engineer, Zoom Events","Zoom Video Communications, Inc.",Remote,https://www.indeed.com/viewjob?jk=f17a073e652586f5&from=web&vjs=3
Python Developer,Go8IT,"Plainsboro, NJ",https://www.indeed.com/viewjob?jk=4eae88512efd4347&from=web&vjs=3
Python Developer [Remote],Braintrust,"Remote in San Francisco, CA",https://www.indeed.com/viewjob?jk=cc424505f92ecdb7&from=web&vjs=3
Junior Frontend Software Developer,Bruker,Remote in Maryland,https://www.indeed.com/viewjob?jk=d8c2b55c6f339951&from=web&vjs=3
Software Engineer - SRE,PayPal,,https://www.indeed.com/viewjob?jk=fc337f508d7289aa&from=web&vjs=3
"Senior Backend Engineer, Model Training",Labelbox,,https://www.indeed.com/viewjob?jk=37ae129341dfc1ec&from=web&vjs=3
SDM III - REMOTE,"Fabric.com, Inc.",,https://www.indeed.com/viewjob?jk=7771d20cbd5b1f08&from=web&vjs=3
Staff Engineer - Marketing and AdTech (Open to US - Remote),Shipt,,https://www.indeed.com/viewjob?jk=8b8dcc8cde419c5e&from=web&vjs=3
SPG Research- Analyst,"JPMorgan Chase Bank, N.A.","New York, NY",https://www.indeed.com/viewjob?jk=04b778770a4cb696&from=web&vjs=3
Software Engineer,Edmunds.com,,https://www.indeed.com/viewjob?jk=e2b081c59c3de340&from=web&vjs=3
Python (Django/Flask) Developer,Trood,,https://www.indeed.com/viewjob?jk=a5fe3ba2a2ecdbe2&from=web&vjs=3
"Data Analyst, Service Analytics",Lucid Motors,,https://www.indeed.com/viewjob?jk=3ae6314e64757501&from=web&vjs=3
Python Framework Developer,LOCKHEED MARTIN CORPORATION,,https://www.indeed.com/viewjob?jk=c40547d4c67397fe&from=web&vjs=3
Python/JS Full Stack Engineer,"JPMorgan Chase Bank, N.A.",,https://www.indeed.com/viewjob?jk=56176f4bfca52b6c&from=web&vjs=3
"Business Analyst, gTech",Google,,https://www.indeed.com/viewjob?jk=9cc8c79f464ec790&from=web&vjs=3
Graduate Research Assistant,University of Hawaii,"Honolulu, HI",https://www.indeed.com/viewjob?jk=8bf140fab571afec&from=web&vjs=3
"Associate, YouTube",YouTube,"New York, NY",https://www.indeed.com/viewjob?jk=a19d5d6e71bffeee&from=web&vjs=3
Thermal Controls Engineer,Tesla,,https://www.indeed.com/viewjob?jk=870b097407fd8dcf&from=web&vjs=3
"Software Dev Engineer - Test, Tablet Product Software",Amazon.com Services LLC,,https://www.indeed.com/viewjob?jk=26a3a22c4cfeb138&from=web&vjs=3
Software Engineer- Python/Golang (Remote),Sophos,,https://www.indeed.com/viewjob?jk=195b427bc151c357&from=web&vjs=3
Devops Engineer,CriticalRiver Inc.,Remote,https://www.indeed.com/viewjob?jk=08a94c011748b44c&from=web&vjs=3
Support Opportunities,RStudio,"Remote in Seattle, WA",https://www.indeed.com/viewjob?jk=2c26339484d5141f&from=web&vjs=3
48th NSBE National Convention - APPLICATION DROP,Electronic Arts,,https://www.indeed.com/viewjob?jk=0ed54ccd28405317&from=web&vjs=3
Junior Penetration Tester USA Remote,BreachLock,Remote in Florida,https://www.indeed.com/viewjob?jk=1256f1d0f5d5af0c&from=web&vjs=3
Analyst-Baseball Research and Development,Colorado Rockies,"Denver, CO",https://www.indeed.com/viewjob?jk=f2072bf1e55cadfe&from=web&vjs=3
"In-Vehicle Validation Engineer, Steering Controls (Ohio)",Tesla,,https://www.indeed.com/viewjob?jk=f2a9d75cdbc391ec&from=web&vjs=3
Marketing BI Analyst,Leslie's,,https://www.indeed.com/viewjob?jk=95719246f6de984b&from=web&vjs=3
"SDET - Cloud, Ecommerce (Remote)",CrowdStrike,Remote,https://www.indeed.com/viewjob?jk=77aca183514a87d5&from=web&vjs=3
Python,Intone Networks,"Austin, TX",https://www.indeed.com/viewjob?jk=a93404b7b540a2fa&from=web&vjs=3
Sports Columnist,Hearst Media Services,,https://www.indeed.com/viewjob?jk=d5f328321761420d&from=web&vjs=3
